{"num_frames": 837, "idf1": 0.4908326057623621, "idp": 0.6742259049280419, "idr": 0.38587295644577563, "recall": 0.5512292524647447, "precision": 0.9631487134757959, "num_objects": 8013, "mostly_tracked": 32, "partially_tracked": 83, "mostly_lost": 41, "num_false_positives": 169, "num_misses": 3596, "num_switches": 92, "num_detections": 4417, "num_fragmentations": 254, "mota": 0.5186571820791215, "motp": 0.16342263481651564}