{"num_frames": 837, "idf1": 0.5181331523787982, "idp": 0.6544761904761904, "idr": 0.4288031948084363, "recall": 0.5701984275552228, "precision": 0.8702857142857143, "num_objects": 8013, "mostly_tracked": 26, "partially_tracked": 85, "mostly_lost": 45, "num_false_positives": 681, "num_misses": 3444, "num_switches": 126, "num_detections": 4569, "num_fragmentations": 138, "mota": 0.4694870834893299, "motp": 0.17390272618185676}