{"num_frames": 837, "idf1": 0.5447761194029851, "idp": 0.6775570818637461, "idr": 0.45550979658055657, "recall": 0.609010358167977, "precision": 0.9058845368479673, "num_objects": 8013, "mostly_tracked": 45, "partially_tracked": 77, "mostly_lost": 34, "num_false_positives": 507, "num_misses": 3133, "num_switches": 193, "num_detections": 4880, "num_fragmentations": 166, "mota": 0.5216523149881442, "motp": 0.17042171994324545}