{"num_frames": 837, "idf1": 0.5852604625110026, "idp": 0.8155664585191793, "idr": 0.45638337701235493, "recall": 0.5387495320104829, "precision": 0.9627564674397859, "num_objects": 8013, "mostly_tracked": 28, "partially_tracked": 81, "mostly_lost": 47, "num_false_positives": 167, "num_misses": 3696, "num_switches": 181, "num_detections": 4317, "num_fragmentations": 257, "mota": 0.49532010482965183, "motp": 0.1565642116680685}