{"num_frames": 203, "idf1": 0.15710455764075068, "idp": 0.2998976458546571, "idr": 0.10642934980021794, "recall": 0.12786051580094443, "precision": 0.3602865916069601, "num_objects": 2753, "mostly_tracked": 0, "partially_tracked": 16, "mostly_lost": 122, "num_false_positives": 625, "num_misses": 2401, "num_switches": 11, "num_detections": 352, "num_fragmentations": 21, "mota": -0.10316018888485279, "motp": 0.2622651542103006}