{"num_frames": 203, "idf1": 0.2259511066107334, "idp": 0.18774038461538461, "idr": 0.28369051943334544, "recall": 0.49037413730475843, "precision": 0.3245192307692308, "num_objects": 2753, "mostly_tracked": 27, "partially_tracked": 52, "mostly_lost": 59, "num_false_positives": 2810, "num_misses": 1403, "num_switches": 308, "num_detections": 1350, "num_fragmentations": 148, "mota": -0.6422084998183799, "motp": 0.2092477403690798}