{"num_frames": 203, "idf1": 0.2191780821917808, "idp": 0.37992831541218636, "idr": 0.15401380312386487, "recall": 0.20305121685434072, "precision": 0.5008960573476703, "num_objects": 2753, "mostly_tracked": 2, "partially_tracked": 32, "mostly_lost": 104, "num_false_positives": 557, "num_misses": 2194, "num_switches": 37, "num_detections": 559, "num_fragmentations": 55, "mota": -0.012713403559752923, "motp": 0.20622239219570046}