{"num_frames": 203, "idf1": 0.33781581092094537, "idp": 0.3846867749419954, "idr": 0.3011260443152924, "recall": 0.3937522702506357, "precision": 0.5030162412993039, "num_objects": 2753, "mostly_tracked": 13, "partially_tracked": 48, "mostly_lost": 77, "num_false_positives": 1071, "num_misses": 1669, "num_switches": 97, "num_detections": 1084, "num_fragmentations": 146, "mota": -0.030512168543407103, "motp": 0.18315947599755353}