{"num_frames": 525, "idf1": 0.3690404142290364, "idp": 0.6152466367713004, "idr": 0.26356738065507634, "recall": 0.4031313034290654, "precision": 0.9410313901345292, "num_objects": 10411, "mostly_tracked": 14, "partially_tracked": 13, "mostly_lost": 37, "num_false_positives": 263, "num_misses": 6214, "num_switches": 85, "num_detections": 4197, "num_fragmentations": 84, "mota": 0.36970511958505425, "motp": 0.16286984039713973}