{"num_frames": 600, "idf1": 0.29602660258744146, "idp": 0.5446588067166845, "idr": 0.20324634203246342, "recall": 0.35366463353664634, "precision": 0.9477491961414791, "num_objects": 30003, "mostly_tracked": 9, "partially_tracked": 40, "mostly_lost": 34, "num_false_positives": 585, "num_misses": 19392, "num_switches": 334, "num_detections": 10611, "num_fragmentations": 944, "mota": 0.3230343632303436, "motp": 0.19560198611146581}