{"num_frames": 600, "idf1": 0.3747698866388916, "idp": 0.685754808970836, "idr": 0.2578408825784088, "recall": 0.35663100356631006, "precision": 0.9484974736282245, "num_objects": 30003, "mostly_tracked": 8, "partially_tracked": 45, "mostly_lost": 30, "num_false_positives": 581, "num_misses": 19303, "num_switches": 451, "num_detections": 10700, "num_fragmentations": 923, "mota": 0.3222344432223444, "motp": 0.17198279354478452}