{"num_frames": 600, "idf1": 0.3282190625658804, "idp": 0.5521752837326608, "idr": 0.2335099823350998, "recall": 0.37692897376928974, "precision": 0.8913146279949559, "num_objects": 30003, "mostly_tracked": 10, "partially_tracked": 43, "mostly_lost": 30, "num_false_positives": 1379, "num_misses": 18694, "num_switches": 337, "num_detections": 11309, "num_fragmentations": 428, "mota": 0.31973469319734693, "motp": 0.1968919197460734}