{"num_frames": 525, "idf1": 0.2856566471656244, "idp": 0.47623318385650226, "idr": 0.20401498415137834, "recall": 0.3931418691768322, "precision": 0.9177130044843049, "num_objects": 10411, "mostly_tracked": 13, "partially_tracked": 13, "mostly_lost": 38, "num_false_positives": 367, "num_misses": 6318, "num_switches": 108, "num_detections": 4093, "num_fragmentations": 82, "mota": 0.34751704927480553, "motp": 0.15996324766119427}