{"num_frames": 525, "idf1": 0.40601719197707736, "idp": 0.7985347985347986, "idr": 0.2722120833733551, "recall": 0.3381999807895495, "precision": 0.9921104536489151, "num_objects": 10411, "mostly_tracked": 8, "partially_tracked": 15, "mostly_lost": 41, "num_false_positives": 28, "num_misses": 6890, "num_switches": 38, "num_detections": 3521, "num_fragmentations": 156, "mota": 0.3318605321294784, "motp": 0.1232442317842394}