{"num_frames": 203, "idf1": 0.17897727272727273, "idp": 0.3364485981308411, "idr": 0.12191582002902758, "recall": 0.13497822931785197, "precision": 0.3724966622162884, "num_objects": 2067, "mostly_tracked": 1, "partially_tracked": 6, "mostly_lost": 47, "num_false_positives": 470, "num_misses": 1788, "num_switches": 4, "num_detections": 279, "num_fragmentations": 13, "mota": -0.09433962264150941, "motp": 0.3095291496619885}