{"num_frames": 203, "idf1": 0.25617355181167784, "idp": 0.24492497793468668, "idr": 0.26850507982583455, "recall": 0.3633284954039671, "precision": 0.33142100617828774, "num_objects": 2067, "mostly_tracked": 9, "partially_tracked": 28, "mostly_lost": 17, "num_false_positives": 1515, "num_misses": 1316, "num_switches": 77, "num_detections": 751, "num_fragmentations": 113, "mota": -0.4068698597000484, "motp": 0.3036013235385284}