{"num_frames": 203, "idf1": 0.17411924119241193, "idp": 0.2903954802259887, "idr": 0.12433478471214321, "recall": 0.15239477503628446, "precision": 0.3559322033898305, "num_objects": 2067, "mostly_tracked": 1, "partially_tracked": 7, "mostly_lost": 46, "num_false_positives": 570, "num_misses": 1752, "num_switches": 6, "num_detections": 315, "num_fragmentations": 10, "mota": -0.1262699564586358, "motp": 0.3344807361432234}