{"num_frames": 203, "idf1": 0.15495969731863793, "idp": 0.11739780658025922, "idr": 0.22786647314949202, "recall": 0.42670537010159654, "precision": 0.21984047856430708, "num_objects": 2067, "mostly_tracked": 15, "partially_tracked": 24, "mostly_lost": 15, "num_false_positives": 3130, "num_misses": 1185, "num_switches": 262, "num_detections": 882, "num_fragmentations": 100, "mota": -1.2143202709240444, "motp": 0.3139679716067145}