{"num_frames": 202, "idf1": 0.4711130939103279, "idp": 0.5783132530120482, "idr": 0.39744072261949565, "recall": 0.438088069251035, "precision": 0.6374589266155531, "num_objects": 2657, "mostly_tracked": 10, "partially_tracked": 38, "mostly_lost": 65, "num_false_positives": 662, "num_misses": 1493, "num_switches": 35, "num_detections": 1164, "num_fragmentations": 39, "mota": 0.17576213774934135, "motp": 0.19712575853958444}