{"num_frames": 203, "idf1": 0.35119047619047616, "idp": 0.43926332288401254, "idr": 0.2925365344467641, "recall": 0.4397181628392484, "precision": 0.6602664576802508, "num_objects": 3832, "mostly_tracked": 16, "partially_tracked": 34, "mostly_lost": 36, "num_false_positives": 867, "num_misses": 2147, "num_switches": 62, "num_detections": 1685, "num_fragmentations": 131, "mota": 0.197286012526096, "motp": 0.21170831736508425}