{"num_frames": 203, "idf1": 0.3229317851959361, "idp": 0.5297619047619048, "idr": 0.23225469728601253, "recall": 0.3048016701461378, "precision": 0.6952380952380952, "num_objects": 3832, "mostly_tracked": 1, "partially_tracked": 36, "mostly_lost": 49, "num_false_positives": 512, "num_misses": 2664, "num_switches": 55, "num_detections": 1168, "num_fragmentations": 111, "mota": 0.15683716075156573, "motp": 0.2230557329668852}