{"num_frames": 203, "idf1": 0.2994735212139981, "idp": 0.36824067022086826, "idr": 0.25234864300626303, "recall": 0.3588204592901879, "precision": 0.5236100533130236, "num_objects": 3832, "mostly_tracked": 3, "partially_tracked": 34, "mostly_lost": 49, "num_false_positives": 1251, "num_misses": 2457, "num_switches": 57, "num_detections": 1375, "num_fragmentations": 90, "mota": 0.017484342379958218, "motp": 0.26518221554887234}