{"num_frames": 203, "idf1": 0.3424527017830407, "idp": 0.35789473684210527, "idr": 0.32828810020876825, "recall": 0.47494780793319413, "precision": 0.5177809388335705, "num_objects": 3832, "mostly_tracked": 20, "partially_tracked": 32, "mostly_lost": 34, "num_false_positives": 1695, "num_misses": 2012, "num_switches": 179, "num_detections": 1820, "num_fragmentations": 136, "mota": -0.014091858037578398, "motp": 0.22049732997367633}