{"num_frames": 202, "idf1": 0.37198528409865106, "idp": 0.6055900621118012, "idr": 0.26843657817109146, "recall": 0.3177974434611603, "precision": 0.7169476486246673, "num_objects": 5085, "mostly_tracked": 8, "partially_tracked": 35, "mostly_lost": 96, "num_false_positives": 638, "num_misses": 3469, "num_switches": 45, "num_detections": 1616, "num_fragmentations": 83, "mota": 0.18348082595870208, "motp": 0.2268284148023647}