{"num_frames": 202, "idf1": 0.40389834690352827, "idp": 0.5418735518040384, "idr": 0.32192723697148473, "recall": 0.38741396263520156, "precision": 0.6521019529956968, "num_objects": 5085, "mostly_tracked": 10, "partially_tracked": 46, "mostly_lost": 83, "num_false_positives": 1051, "num_misses": 3115, "num_switches": 47, "num_detections": 1970, "num_fragmentations": 146, "mota": 0.17148475909537853, "motp": 0.22302291859564527}