{"num_frames": 202, "idf1": 0.3639562649239663, "idp": 0.5041782729805014, "idr": 0.2847590953785644, "recall": 0.3408062930186824, "precision": 0.6034122562674095, "num_objects": 5085, "mostly_tracked": 7, "partially_tracked": 37, "mostly_lost": 95, "num_false_positives": 1139, "num_misses": 3352, "num_switches": 29, "num_detections": 1733, "num_fragmentations": 57, "mota": 0.11111111111111116, "motp": 0.24154610351273795}