{"num_frames": 202, "idf1": 0.37552836484983315, "idp": 0.4322663252240717, "idr": 0.3319567354965585, "recall": 0.42851524090462145, "precision": 0.5580025608194622, "num_objects": 5085, "mostly_tracked": 11, "partially_tracked": 55, "mostly_lost": 73, "num_false_positives": 1726, "num_misses": 2906, "num_switches": 126, "num_detections": 2179, "num_fragmentations": 144, "mota": 0.064306784660767, "motp": 0.23398616526161045}