{"num_frames": 202, "idf1": 0.3711840888066605, "idp": 0.4504630928992422, "idr": 0.31563421828908556, "recall": 0.3968534906588004, "precision": 0.5663766488913836, "num_objects": 5085, "mostly_tracked": 7, "partially_tracked": 45, "mostly_lost": 87, "num_false_positives": 1545, "num_misses": 3067, "num_switches": 74, "num_detections": 2018, "num_fragmentations": 108, "mota": 0.07846607669616523, "motp": 0.23661836363228672}