{"num_frames": 600, "idf1": 0.2937148149050764, "idp": 0.5463281958295557, "idr": 0.2008465820084658, "recall": 0.35036496350364965, "precision": 0.9530371713508613, "num_objects": 30003, "mostly_tracked": 7, "partially_tracked": 43, "mostly_lost": 33, "num_false_positives": 518, "num_misses": 19491, "num_switches": 755, "num_detections": 10512, "num_fragmentations": 881, "mota": 0.30793587307935877, "motp": 0.1920027605340194}