{"num_frames": 600, "idf1": 0.3347271126760563, "idp": 0.49264753514283866, "idr": 0.25347465253474655, "recall": 0.44288904442889043, "precision": 0.8607890134093412, "num_objects": 30003, "mostly_tracked": 15, "partially_tracked": 44, "mostly_lost": 24, "num_false_positives": 2149, "num_misses": 16715, "num_switches": 493, "num_detections": 13288, "num_fragmentations": 589, "mota": 0.3548311835483119, "motp": 0.216001218555234}