{"num_frames": 1050, "idf1": 0.44747290925634875, "idp": 0.8757251166931981, "idr": 0.30051386509883804, "recall": 0.3420489792139253, "precision": 0.9967622696489761, "num_objects": 108005, "mostly_tracked": 43, "partially_tracked": 29, "mostly_lost": 69, "num_false_positives": 120, "num_misses": 71062, "num_switches": 142, "num_detections": 36943, "num_fragmentations": 890, "mota": 0.3396231655941855, "motp": 0.1307076346311088}