{"num_frames": 1050, "idf1": 0.41516624960158416, "idp": 0.7758402189892026, "idr": 0.2834128049627332, "recall": 0.36077033470672654, "precision": 0.9876058194352917, "num_objects": 108005, "mostly_tracked": 51, "partially_tracked": 23, "mostly_lost": 67, "num_false_positives": 489, "num_misses": 69040, "num_switches": 239, "num_detections": 38965, "num_fragmentations": 306, "mota": 0.3540299060228693, "motp": 0.1603719164400575}