{"num_frames": 1050, "idf1": 0.3666156160633208, "idp": 0.6837542023710219, "idr": 0.25045136799222256, "recall": 0.3577334382667469, "precision": 0.976643664214757, "num_objects": 108005, "mostly_tracked": 48, "partially_tracked": 25, "mostly_lost": 68, "num_false_positives": 924, "num_misses": 69368, "num_switches": 656, "num_detections": 38637, "num_fragmentations": 417, "mota": 0.34310448590343035, "motp": 0.14777788178913184}