{"num_frames": 1050, "idf1": 0.40939116044956214, "idp": 0.8018095881161378, "idr": 0.27486690430998567, "recall": 0.3416693671589278, "precision": 0.9966779203241053, "num_objects": 108005, "mostly_tracked": 42, "partially_tracked": 30, "mostly_lost": 69, "num_false_positives": 123, "num_misses": 71103, "num_switches": 152, "num_detections": 36902, "num_fragmentations": 884, "mota": 0.339123188741262, "motp": 0.15729727498631962}