{"num_frames": 525, "idf1": 0.3231947326987762, "idp": 0.6339135317237508, "idr": 0.21688598597637115, "recall": 0.33877629430410144, "precision": 0.9901740595171252, "num_objects": 10411, "mostly_tracked": 9, "partially_tracked": 16, "mostly_lost": 39, "num_false_positives": 35, "num_misses": 6884, "num_switches": 37, "num_detections": 3527, "num_fragmentations": 170, "mota": 0.3318605321294784, "motp": 0.14814891444610015}