{"num_frames": 202, "idf1": 0.5173783515392254, "idp": 0.7600291757840992, "idr": 0.39217162213022205, "recall": 0.42679713963116295, "precision": 0.8271334792122538, "num_objects": 2657, "mostly_tracked": 11, "partially_tracked": 30, "mostly_lost": 72, "num_false_positives": 237, "num_misses": 1523, "num_switches": 24, "num_detections": 1134, "num_fragmentations": 42, "mota": 0.32856605193827626, "motp": 0.1833130674298761}