{"num_frames": 202, "idf1": 0.44204759458996745, "idp": 0.40546482412060303, "idr": 0.48588633797515995, "recall": 0.6484757245013173, "precision": 0.5411432160804021, "num_objects": 2657, "mostly_tracked": 41, "partially_tracked": 35, "mostly_lost": 37, "num_false_positives": 1461, "num_misses": 934, "num_switches": 297, "num_detections": 1723, "num_fragmentations": 73, "mota": -0.013172751223184065, "motp": 0.1750373256275987}