{"num_frames": 202, "idf1": 0.5801916932907348, "idp": 0.6683022571148185, "idr": 0.5126082047421905, "recall": 0.5728264960481746, "precision": 0.746810598626104, "num_objects": 2657, "mostly_tracked": 27, "partially_tracked": 37, "mostly_lost": 49, "num_false_positives": 516, "num_misses": 1135, "num_switches": 99, "num_detections": 1522, "num_fragmentations": 66, "mota": 0.34136243884079787, "motp": 0.1634365035562969}